<?xml version="1.0" encoding="UTF-8"?>
<project-private xmlns="http://www.netbeans.org/ns/project-private/1">
    <editor-bookmarks xmlns="http://www.netbeans.org/ns/editor-bookmarks/2" lastBookmarkId="0"/>
    <open-files xmlns="http://www.netbeans.org/ns/projectui-open-files/2">
        <group>
            <file>file:/C:/xampp/htdocs/PetShopWebServiceV2/CSS/styles.css</file>
            <file>file:/C:/xampp/htdocs/PetShopWebServiceV2/VIEW/petView.php</file>
            <file>file:/C:/xampp/htdocs/PetShopWebServiceV2/JS/util.js</file>
            <file>file:/C:/xampp/htdocs/PetShopWebServiceV2/VIEW/servicoView.php</file>
            <file>file:/C:/xampp/htdocs/PetShopWebServiceV2/VIEW/clienteView.php</file>
        </group>
    </open-files>
</project-private>
