<?xml version="1.0" encoding="UTF-8"?>
<project-private xmlns="http://www.netbeans.org/ns/project-private/1">
    <editor-bookmarks xmlns="http://www.netbeans.org/ns/editor-bookmarks/2" lastBookmarkId="0"/>
    <open-files xmlns="http://www.netbeans.org/ns/projectui-open-files/2">
        <group>
            <file>file:/C:/Users/RaphaelSouzadeSouzaP/Documents/NetBeansProjects/ConsultorioMedico/src/entity/Paciente.java</file>
            <file>file:/C:/Users/RaphaelSouzadeSouzaP/Documents/NetBeansProjects/ConsultorioMedico/src/consultoriomedico/ConsultorioMedico.java</file>
            <file>file:/C:/Users/RaphaelSouzadeSouzaP/Documents/NetBeansProjects/ConsultorioMedico/src/entity/Medicamento.java</file>
            <file>file:/C:/Users/RaphaelSouzadeSouzaP/Documents/NetBeansProjects/ConsultorioMedico/src/util/Agendamento.java</file>
        </group>
    </open-files>
</project-private>
