<?xml version="1.0" encoding="UTF-8"?>
<!DOCTYPE resources PUBLIC "-//GlassFish.org//DTD GlassFish Application Server 3.1 Resource Definitions//EN" "http://glassfish.org/dtds/glassfish-resources_1_5.dtd">
<resources>
    <jdbc-connection-pool allow-non-component-callers="false" associate-with-thread="false" connection-creation-retry-attempts="0" connection-creation-retry-interval-in-seconds="10" connection-leak-reclaim="false" connection-leak-timeout-in-seconds="0" connection-validation-method="auto-commit" datasource-classname="com.mysql.jdbc.jdbc2.optional.MysqlDataSource" fail-all-connections="false" idle-timeout-in-seconds="300" is-connection-validation-required="false" is-isolation-level-guaranteed="true" lazy-connection-association="false" lazy-connection-enlistment="false" match-connections="false" max-connection-usage-count="0" max-pool-size="32" max-wait-time-in-millis="60000" name="mysql_ibmx_77866116d611e98_b47f5cf46f4ecbPool" non-transactional-connections="false" pool-resize-quantity="2" res-type="javax.sql.DataSource" statement-timeout-in-seconds="-1" steady-pool-size="8" validate-atmost-once-period-in-seconds="0" wrap-jdbc-objects="false">
        <property name="serverName" value="us-cdbr-sl-dfw-01.cleardb.net"/>
        <property name="portNumber" value="3306"/>
        <property name="databaseName" value="ibmx_77866116d611e98"/>
        <property name="User" value="b47f5cf46f4ecb"/>
        <property name="Password" value="3c0cb953"/>
        <property name="URL" value="jdbc:mysql://us-cdbr-sl-dfw-01.cleardb.net:3306/ibmx_77866116d611e98?zeroDateTimeBehavior=convertToNull"/>
        <property name="driverClass" value="com.mysql.jdbc.Driver"/>
    </jdbc-connection-pool>
    <jdbc-resource enabled="true" jndi-name="java:app/Test_test" object-type="user" pool-name="mysql_ibmx_77866116d611e98_b47f5cf46f4ecbPool"/>
    <jdbc-resource enabled="true" jndi-name="java:app/ibmx_77866116d611e98" object-type="user" pool-name="mysql_ibmx_77866116d611e98_b47f5cf46f4ecbPool"/>
    <jdbc-connection-pool allow-non-component-callers="false" associate-with-thread="false" connection-creation-retry-attempts="0" connection-creation-retry-interval-in-seconds="10" connection-leak-reclaim="false" connection-leak-timeout-in-seconds="0" connection-validation-method="auto-commit" datasource-classname="com.mysql.jdbc.jdbc2.optional.MysqlDataSource" fail-all-connections="false" idle-timeout-in-seconds="300" is-connection-validation-required="false" is-isolation-level-guaranteed="true" lazy-connection-association="false" lazy-connection-enlistment="false" match-connections="false" max-connection-usage-count="0" max-pool-size="32" max-wait-time-in-millis="60000" name="mysql_ibmx_1b343faa47fee4d_b80cb503fd10a0Pool" non-transactional-connections="false" pool-resize-quantity="2" res-type="javax.sql.DataSource" statement-timeout-in-seconds="-1" steady-pool-size="8" validate-atmost-once-period-in-seconds="0" wrap-jdbc-objects="false">
        <property name="serverName" value="us-cdbr-sl-dfw-01.cleardb.net"/>
        <property name="portNumber" value="3306"/>
        <property name="databaseName" value="ibmx_1b343faa47fee4d"/>
        <property name="User" value="b80cb503fd10a0"/>
        <property name="Password" value="aa56c35a4b25f9f"/>
        <property name="URL" value="jdbc:mysql://us-cdbr-sl-dfw-01.cleardb.net:3306/ibmx_1b343faa47fee4d?zeroDateTimeBehavior=convertToNull"/>
        <property name="driverClass" value="com.mysql.jdbc.Driver"/>
    </jdbc-connection-pool>
    <jdbc-resource enabled="true" jndi-name="java:app/LeandroDB" object-type="user" pool-name="mysql_ibmx_1b343faa47fee4d_b80cb503fd10a0Pool"/>
</resources>
