<?xml version="1.0" encoding="UTF-8"?>
<project-private xmlns="http://www.netbeans.org/ns/project-private/1">
    <editor-bookmarks xmlns="http://www.netbeans.org/ns/editor-bookmarks/2" lastBookmarkId="0"/>
    <open-files xmlns="http://www.netbeans.org/ns/projectui-open-files/2">
        <group>
            <file>file:/C:/Users/RaphaeldeSouzaPereir/Documents/NetBeansProjects/cantinaUDP/src/cantinaudp/UDPServer.java</file>
            <file>file:/C:/Users/RaphaeldeSouzaPereir/Documents/NetBeansProjects/cantinaUDP/src/cantinaudp/UDPClient3.java</file>
            <file>file:/C:/Users/RaphaeldeSouzaPereir/Documents/NetBeansProjects/cantinaUDP/src/cantinaudp/UDPAtendente.java</file>
            <file>file:/C:/Users/RaphaeldeSouzaPereir/Documents/NetBeansProjects/cantinaUDP/src/cantinaudp/UDPClient1.java</file>
            <file>file:/C:/Users/RaphaeldeSouzaPereir/Documents/NetBeansProjects/cantinaUDP/src/cantinaudp/UDPClient2.java</file>
        </group>
    </open-files>
</project-private>
